keyword,language,topic,topicColor,keywordColor,limitPages,ratioNew
'Russland',de,Energie,#e81818,#e81818,3,0.3775036547915868
'Wladimir Putin',de,Krieg,#18e818,#18e818,3,0.3471649090182392
'Waffen',de,Krieg,#18e818,#18e818,3,0.3369975635947096
'Krise',de,Energie,#e81818,#e81818,3,0.3359460714965694
'Iran',de,Energie,#e81818,#e81818,3,0.3307044641588114
'Ukraine',de,Krieg,#18e818,#18e818,3,0.3021040726409386
'Atomkraft',de,Energie,#e81818,#e81818,3,0.2977846275753727
'Angriff',de,Krieg,#18e818,#18e818,3,0.2977223531107197
'Inflation',de,Krise,#181818,#181818,3,0.2922950664356996
'Hormus',de,Energie,#e81818,#e81818,3,0.2859328417205204
'Klima',de,Krise,#181818,#181818,3,0.2582883842552165
'Gas',de,Winter,#1818e8,#1818e8,3,0.2542792376803364
'Finanz',de,Krise,#181818,#181818,3,0.2494800425842869
'Flucht',de,Krise,#181818,#181818,3,0.2426729006918364
'heizen',de,Winter,#1818e8,#1818e8,3,0.2377444150094386
'Preis',de,Energie,#e81818,#e81818,3,0.2167074073911934
'Erdöl',de,Energie,#e81818,#e81818,3,0.2051647021883181
'Kälte',de,Winter,#1818e8,#1818e8,3,0.1913863095829368
'Heizen',de,Winter,#1818e8,#1818e8,3,0.1262970762375873
'frieren',de,Winter,#1818e8,#1818e8,2,0.0678605770791829
'Frieren',de,Winter,#1818e8,#1818e8,2,0.0352232870578871
