domain,sentiment_mean,sentiment_std,subjectivity_mean,subjectivity_std,counting
www.zeit.de,-0.016365183100631033,0.20014932726820964,0.028389581953929387,0.0860853744164935,13194.0
www.faz.net,0.002908533778680009,0.2322371732120964,0.04792082316413116,0.1020117776151664,6052.0
www.n-tv.de,0.01611375059088977,0.22647678322095405,0.03429530343366186,0.09584358716777268,5446.0
www.tagesschau.de,-0.008614258171565987,0.22796078386438082,0.054156515111257825,0.1243384062639405,3226.0
www.stern.de,-0.04584422338053369,0.25696543049368814,0.05183912602782397,0.1256911887189429,3026.0
www.welt.de,0.014231846828433856,0.241112419659394,0.05658552040804601,0.11052680986402572,2930.0
www.focus.de,-0.011836541993469575,0.249978550823067,0.07266854154646869,0.12903167844313723,2306.0
www.tagesspiegel.de,-0.001114094201975425,0.2172824312899412,0.05780139621391628,0.10827315585589073,1869.0
www.morgenpost.de,0.015295385542868762,0.18993701591352657,0.05323288547561478,0.09945113478489376,1341.0
www.sueddeutsche.de,0.017649992925317073,0.23793443725426372,0.06496186102750122,0.12419189362424309,1234.0
www.bild.de,-0.0195316625818426,0.2510338282522059,0.048446070797555946,0.11041905935252942,1111.0
www.golem.de,0.08066053426630349,0.10872877512725197,0.018865447230831844,0.05431352997434329,1014.0
www.nzz.ch,0.014307841466567375,0.21665335005754352,0.05966919500913077,0.10655490378212015,934.0
www.diepresse.com,0.010310446160446159,0.23086825501176358,0.05373774813774814,0.127338788000922,925.0
taz.de,-0.008409912707221254,0.22235271961947128,0.09922224464399824,0.1393651435468815,901.0
www.handelsblatt.com,0.04809135935075784,0.20858241534831554,0.048850698174006446,0.09892708053484549,665.0
orf.at,0.0016072876839300183,0.22678707922431354,0.03575447514772333,0.10661727518515525,548.0
www.dw.com,0.01776506115037549,0.2009155123770679,0.053857236411263915,0.09706994814257942,509.0
www.spiegel.de,0.02918957011980267,0.20270724264979334,0.09143553474948823,0.12231492810931584,473.0
www.telepolis.de,-0.019382870724047194,0.20947853522807142,0.03672549019607843,0.09581505377480022,425.0
www.wiwo.de,0.014250715759336443,0.1875254923722541,0.06337996294892846,0.10045530966583108,377.0
www.jungewelt.de,-0.023188661114670082,0.23150937194361357,0.028655420314613142,0.07130602963879723,223.0
consent.google.com,-0.08103693181818182,0.4328623287055294,0.02959280303030303,0.12035915132069436,176.0
stadt-bremerhaven.de,0.12942020652958153,0.24723889334219595,0.0649192821067821,0.14859195238409173,176.0
www.freitag.de,0.029563318017265385,0.2015474337069884,0.06933595562981527,0.11840694114975364,171.0
t3n.de,0.138954352600579,0.1927214111617734,0.0679444943595887,0.11617477181244767,106.0
www.gamestar.de,0.14157181938431937,0.23758700183623258,0.06478174603174602,0.1036832363186888,66.0
www.kicker.de,0.03619474969474969,0.20590601159294253,0.056837606837606844,0.13755529622816362,65.0
www.der-postillon.com,0.08777393753200205,0.2901038012105209,0.08673835125448028,0.14730191376643814,62.0
www.brigitte.de,0.11487347124642205,0.2383822464694791,0.06374902419984387,0.11600922758064593,61.0
www.heise.de,0.020698672911787664,0.27285660135563755,0.048620869112672396,0.10134666353136126,61.0
www.businessinsider.de,0.10451455026455027,0.2577795578416944,0.05154761904761905,0.10465897155372943,60.0
www.basicthinking.de,0.15325069704306993,0.21486640416121042,0.09738150267811285,0.14972471024419395,59.0
www.autobild.de,0.12797491859991858,0.20820036904670283,0.05850630850630851,0.11685019231161299,52.0
steiermark.orf.at,0.034201388888888885,0.25366684725521227,0.06924603174603174,0.112873144413135,48.0
www.spektrum.de,0.06838293650793649,0.1985008278609644,0.08231646825396825,0.13136459703487657,48.0
www.kino.de,-0.07262433862433863,0.3477729581623715,0.02851851851851852,0.07373702781155886,45.0
wien.orf.at,0.0340007215007215,0.16196509718191027,0.06141774891774892,0.11396177274494008,44.0
www.pcgames.de,0.26642910767910766,0.2065815497498333,0.0594916344916345,0.09575442316579595,37.0
kaernten.orf.at,-0.0010092235092235048,0.23253592277685942,0.06229086229086229,0.10886116761747287,37.0
www.derstandard.at,0.21704475308641977,0.18189664527558566,0.03302469135802469,0.09159515675801093,36.0
noe.orf.at,0.04084986772486772,0.14759903077141015,0.06505291005291006,0.10035636390803501,36.0
science.orf.at,0.0023304473304473286,0.18996010122287116,0.07557720057720058,0.11257128049048037,33.0
www.mobiflip.de,0.163515625,0.32759774693694566,0.03411458333333334,0.07644543158264352,32.0
versicherungswirtschaft-heute.de,0.017912186379928315,0.27238284066308976,0.02903225806451613,0.08710548542656685,31.0
vorarlberg.orf.at,0.031825396825396826,0.18208147793667948,0.09634920634920635,0.13881209856212948,30.0
futurezone.at,0.04800396825396825,0.27495710056302375,0.0661111111111111,0.13279224499968434,30.0
ooe.orf.at,0.03936985596707819,0.18135757823359316,0.09747942386831275,0.15166065792873906,27.0
www.perlentaucher.de,0.05794973544973545,0.24310057767464888,0.07253086419753087,0.10683917377768297,27.0
netzpolitik.org,-0.01870370370370371,0.2722709706918486,0.0823045267489712,0.15416839559388612,27.0
www.computerbase.de,0.08338141025641026,0.2310799623183341,0.051007326007326007,0.11425827662091859,26.0
web.de,-0.043166666666666666,0.21897435584679434,0.015,0.04316741741088904,25.0
www.cio.de,0.03924285714285714,0.18935384206236558,0.12271428571428572,0.14257988968753854,25.0
tirol.orf.at,0.07966765873015873,0.20486810218304255,0.08308531746031746,0.10726584795390547,24.0
www.t-online.de,-0.043788580246913573,0.18973928216481045,0.05474537037037037,0.13074551697264866,24.0
praxistipps.chip.de,0.24099896480331265,0.2450555047009813,0.11853002070393374,0.1003960543279404,23.0
scilogs.spektrum.de,0.012502705627705623,0.34815138513487054,0.07372835497835498,0.13489957845409561,22.0
www.googlewatchblog.de,0.17168367346938776,0.1717420838800013,0.27683295540438396,0.2302970720723905,21.0
salzburg.orf.at,0.07477324263038547,0.11489893706227768,0.10821995464852607,0.14152849642642099,21.0
www.manager-magazin.de,-0.02070833333333334,0.20945440036755814,0.11916666666666667,0.19421644945721278,20.0
www.appgefahren.de,0.25164980158730155,0.24422186110898103,0.09145833333333334,0.2308197400484551,20.0
burgenland.orf.at,-0.01159774436090226,0.1289882482412633,0.08139097744360903,0.11643509744529063,19.0
www.prnewswire.com,0.09070175438596492,0.29240769134842215,0.07017543859649122,0.23776083450591953,19.0
www.horizont.net,0.10786967418546366,0.2508330599145748,0.03508771929824561,0.11888041725295978,19.0
www.teltarif.de,0.12812091503267972,0.23714242757249193,0.06029411764705882,0.11886067254194797,17.0
de.rt.com,-0.004112978524743231,0.13628462459821197,0.02892156862745098,0.06575665676185745,17.0
www.ndr.de,-0.0340686274509804,0.2833688523007572,0.007352941176470588,0.03031695312954162,17.0
hallespektrum.de,0.09588235294117646,0.21518331788063322,0.029411764705882353,0.12126781251816647,17.0
de.catholicnewsagency.com,0.026862745098039213,0.24232301843084966,0.014705882352941176,0.06063390625908324,17.0
snipz.de,0.12098039215686274,0.1804499188213017,0.011764705882352941,0.048507125007266595,17.0
www.dwdl.de,0.017912087912087905,0.2576994436329566,0.044871794871794865,0.08750254371556952,13.0
www.deutsche-startups.de,-0.08782051282051281,0.2057297137015339,0.04743589743589744,0.09175403761580969,13.0
www.wissenschaft.de,0.061843711843711846,0.1884443580785406,0.07445054945054945,0.12259844890224678,13.0
oe3.orf.at,0.055608974358974356,0.38118110395187677,0.0641025641025641,0.16012815380508713,13.0
www.transfermarkt.de,0.13556776556776556,0.18781065317034074,0.0,0.0,13.0
www.iphone-ticker.de,0.22179487179487176,0.3015352012022851,0.03076923076923077,0.11094003924504584,13.0
www.politico.eu,-0.031098901098901115,0.2691204519072198,0.038461538461538464,0.13867504905630726,13.0
www.voltairenet.org,0.13199074074074074,0.1900914568610792,0.020833333333333332,0.07216878364870322,12.0
www.rbb24.de,-0.01069444444444445,0.286636237226877,0.05833333333333333,0.202072594216369,12.0
www.urlaubspiraten.de,0.24647619047619046,0.31706149154066215,0.026666666666666665,0.05837300238472754,10.0
sport.orf.at,0.05933333333333333,0.3285689134172579,0.03333333333333333,0.07027283689263064,10.0
www.kino-zeit.de,0.03925925925925926,0.2835968273691142,0.022222222222222223,0.06666666666666668,9.0
www.capital.de,-0.023148148148148154,0.20046723971145722,0.05555555555555555,0.11023963796102461,9.0
www.yahoo.com,0.0,0.0,0.0,0.0,9.0
www.china-gadgets.de,0.2553835978835979,0.2695124893625499,0.02962962962962963,0.08888888888888889,9.0
www.lobbycontrol.de,0.0874074074074074,0.19009338186049635,0.06481481481481481,0.13028932666176193,9.0
www.dealdoktor.de,0.08917989417989418,0.1480770478182793,0.023148148148148147,0.06944444444444445,9.0
www.giga.de,0.15078869047619045,0.24292480164556096,0.0875,0.1642080561796093,8.0
www.globenewswire.com,0.13854166666666665,0.15879865833466253,0.0,0.0,8.0
www.fr.de,-0.10243055555555555,0.24740913880956436,0.0,0.0,8.0
www.zdnet.de,0.02166666666666667,0.22539559579365034,0.08125,0.11319231422671772,8.0
www.discountfan.de,0.21593749999999998,0.1663040325728754,0.06770833333333333,0.09944663361073586,8.0
de.euronews.com,0.034374999999999996,0.09578803277143874,0.020833333333333332,0.05892556509887895,8.0
sz-magazin.sueddeutsche.de,0.10963541666666667,0.1497225339672668,0.07738095238095238,0.14384578539993537,8.0
11freunde.de,-0.054246031746031736,0.2355406072782286,0.020833333333333332,0.05892556509887895,8.0
winfuture.de,-0.0405952380952381,0.3520167036337739,0.0,0.0,8.0
www1.wdr.de,-0.17653061224489797,0.1807351901006529,0.0,0.0,7.0
fm4.orf.at,-0.0676190476190476,0.12826064731940834,0.08571428571428573,0.15735915849388865,7.0
www.drweb.de,0.016666666666666666,0.0408248290463863,0.07539682539682539,0.12272110100507247,6.0
www.ifun.de,0.3138888888888889,0.12164459464936124,0.03333333333333333,0.08164965809277261,6.0
www.apfelpage.de,-0.0628968253968254,0.28975337142291346,0.013333333333333334,0.032659863237109045,6.0
www.fitforfun.de,0.20007936507936508,0.2980795643478161,0.048611111111111105,0.07645199413623824,6.0
help.orf.at,0.04880952380952381,0.13015593299355982,0.08333333333333333,0.09368979548370131,6.0
www.mdr.de,0.17253968253968255,0.40893664070964636,0.047619047619047616,0.11664236870396086,6.0
www.macerkopf.de,0.12055555555555554,0.14788008154757867,0.1277777777777778,0.16113026706042216,6.0
www.waz.de,0.11933333333333333,0.27285934512532684,0.0,0.0,5.0
www.br.de,-0.05500000000000001,0.2513574259009579,0.0,0.0,5.0
rivva.de,0.20999999999999996,0.07826237921249261,0.0,0.0,5.0
www.ibiza-heute.de,-0.21333333333333332,0.39745719545911135,0.04,0.08944271909999159,5.0
curved.de,0.11766666666666667,0.32483671111635287,0.075,0.11180339887498948,5.0
www.berliner-zeitung.de,-0.049666666666666665,0.18484377788343923,0.07333333333333333,0.10110500592068734,5.0
www.rnd.de,-0.009999999999999998,0.3479303889509445,0.13333333333333333,0.2981423969999719,5.0
www.computerwoche.de,0.047,0.2152788888860215,0.05333333333333333,0.08692269873603532,5.0
'Klima',0.0,0.0,0.0,0.0,5.0
www.titanic-magazin.de,0.1161111111111111,0.1436194388301129,0.03888888888888888,0.05414885747116091,5.0
oesterreich.orf.at,0.39125,0.44268828385972303,0.041666666666666664,0.08333333333333333,4.0
www.abendblatt.de,0.02916666666666666,0.3350994877147183,0.0,0.0,4.0
'Waffen',0.0,0.0,0.0,0.0,4.0
bildblog.de,-0.03125,0.3590351654086268,0.15625,0.23662118107501137,4.0
www.finanzen.net,0.08569444444444445,0.5213622499558367,0.0,0.0,4.0
origin-cognito.bf-folescenic-production.aws.bfops.io,0.07083333333333333,0.14166666666666666,0.125,0.25,4.0
www.chip.de,-0.033159722222222215,0.1246063438739857,0.1597222222222222,0.11866671868496571,4.0
www.swr.de,0.03928571428571428,0.2942732570435776,0.0,0.0,4.0
www.krone.at,0.0,0.0,0.0,0.0,3.0
www.rtl.de,0.3,0.3605551275463989,0.0,0.0,3.0
www.merkur.de,0.3833333333333333,0.39193253387682825,0.25,0.22047927592204922,3.0
www.maclife.de,0.34555555555555556,0.25186158750245985,0.06388888888888888,0.06254627916220945,3.0
'Atomkraft',0.0,0.0,0.0,0.0,3.0
'Russland',0.0,0.0,0.0,0.0,3.0
www.gameswelt.de,0.09333333333333332,0.0808290376865476,0.25,0.4330127018922193,3.0
laut.de,-0.0013888888888888933,0.2145867043963901,0.0,0.0,3.0
meedia.de,-0.025000000000000005,0.21360009363293825,0.0,0.0,3.0
'Ukraine',0.0,0.0,0.0,0.0,3.0
www.shopblogger.de,0.0,0.0,0.29166666666666663,0.05892556509887897,2.0
rp-online.de,0.0,0.0,0.0,0.0,2.0
spielverlagerung.de,-0.07916666666666665,0.21802459086585216,0.0,0.0,2.0
weather.com,-0.2375,0.08838834764831845,0.1875,0.2651650429449553,2.0
www.visions.de,0.395,0.07778174593052024,0.0,0.0,2.0
blogs.sap.com,0.0,0.0,0.0,0.0,2.0
www.msn.com,-0.375,0.5303300858899106,0.2,0.28284271247461906,2.0
www.bvb.de,-0.12333333333333332,0.061282587702834124,0.0,0.0,2.0
onlinemarketing.de,0.225,0.31819805153394637,0.0,0.0,2.0
www.saechsische.de,0.0,0.0,0.0,0.0,2.0
corporate.dw.com,-0.25833333333333336,0.6953216681667718,0.0,0.0,2.0
'Flucht',0.0,0.0,0.0,0.0,2.0
'Inflation',0.0,0.0,0.0,0.0,2.0
www.linux-magazin.de,0.1625,0.22980970388562796,0.125,0.1767766952966369,2.0
www.sport1.de,0.19749999999999993,0.4631549416771886,0.0,0.0,2.0
'Gas',0.0,0.0,0.0,0.0,2.0
'heizen',0.0,1.0,0.0,1.0,1.0
ca.news.yahoo.com,0.0,1.0,0.0,1.0,1.0
ct-uplink.podigee.io,0.0,1.0,0.0,1.0,1.0
de.nachrichten.yahoo.com,0.0,1.0,0.0,1.0,1.0
consent.yahoo.com,0.0,1.0,0.0,1.0,1.0
'Wladimir Putin',0.0,1.0,0.0,1.0,1.0
'frieren',0.0,1.0,0.0,1.0,1.0
www.vital.de,0.0,1.0,0.0,1.0,1.0
efahrer.chip.de,0.0,1.0,0.0,1.0,1.0
www.watson.de,0.0,1.0,0.0,1.0,1.0
www.whudat.de,0.0,1.0,0.0,1.0,1.0
'Preis',0.0,1.0,0.0,1.0,1.0
'Krise',0.0,1.0,0.0,1.0,1.0
www.womenshealth.de,0.0,1.0,0.0,1.0,1.0
www.youtube.com,0.0,1.0,0.0,1.0,1.0
www.zdf.de,0.0,1.0,0.0,1.0,1.0
'Heizen',0.0,1.0,0.0,1.0,1.0
detektor.fm,0.0,1.0,0.0,1.0,1.0
www.infranken.de,0.0,1.0,0.0,1.0,1.0
excitingcommerce.de,0.0,1.0,0.0,1.0,1.0
www.sr.de,0.0,1.0,0.0,1.0,1.0
www.gofeminin.de,0.0,1.0,0.0,1.0,1.0
www.gladbachlive.de,0.0,1.0,0.0,1.0,1.0
www.kraftfuttermischwerk.de,0.0,1.0,0.0,1.0,1.0
www.lawblog.de,0.0,1.0,0.0,1.0,1.0
www.esa.int,0.0,1.0,0.0,1.0,1.0
www.digitalkamera.de,0.0,1.0,0.0,1.0,1.0
www.dailymotion.com,0.0,1.0,0.0,1.0,1.0
www.computerbild.de,0.0,1.0,0.0,1.0,1.0
www.channelpartner.de,0.0,1.0,0.0,1.0,1.0
www.bz-berlin.de,0.0,1.0,0.0,1.0,1.0
www.mt.de,0.0,1.0,0.0,1.0,1.0
www.musik-heute.de,0.0,1.0,0.0,1.0,1.0
www.ardaudiothek.de,0.0,1.0,0.0,1.0,1.0
windowsarea.de,0.0,1.0,0.0,1.0,1.0
www.nordbayern.de,0.0,1.0,0.0,1.0,1.0
omr.podigee.io,0.0,1.0,0.0,1.0,1.0
omr.com,0.0,1.0,0.0,1.0,1.0
www.riffreporter.de,0.0,1.0,0.0,1.0,1.0
www.rostock-heute.de,0.0,1.0,0.0,1.0,1.0
m.focus.de,0.0,1.0,0.0,1.0,1.0
www.indiskretionehrensache.de,0.0,1.0,0.0,1.0,1.0
learngerman.dw.com,0.0,1.0,0.0,1.0,1.0
www.sportschau.de,0.0,1.0,0.0,1.0,1.0
www.derstandard.de,0.0,1.0,0.0,1.0,1.0
