day,sentiment_mean,sentiment_std,subjectivity_mean,subjectivity_std,counting
000-00-00,0.0,0.0,0.0,0.0,11.0
2022-01-10,-0.7584846622628506,1.0,2.315649314313628,1.0,1.0
2022-01-20,-0.48501918041377423,1.0,-0.4823160110306453,1.0,1.0
2022-01-31,-0.3588652883395434,1.0,-0.3535533905932738,1.0,1.0
2022-02-01,-0.4097215818663795,0.6221138342615447,-0.4539078154873756,0.019912945718306096,2.0
2022-02-14,-0.3588652883395434,1.0,-0.3535533905932738,1.0,1.0
2022-02-21,-2.264770055925092,1.0,-0.49730654903552696,1.0,1.0
2022-02-22,-0.051255658691700984,1.0,-0.4927479688678571,1.0,1.0
2022-02-24,0.7834564390594685,1.0,-0.441784304853536,1.0,1.0
2022-03-08,0.5441866087952916,1.0,-0.35665877448480915,1.0,1.0
2022-03-09,0.7071067811865475,1.0,-0.7071067811865476,1.0,1.0
2022-03-19,-0.051255658691700984,1.0,-0.4927479688678571,1.0,1.0
2022-03-30,-0.08703882797784891,1.0,,1.0,1.0
2022-04-06,0.25,1.0,0.0,1.0,1.0
2022-04-12,0.2600131435915606,1.0,-0.4823160110306453,1.0,1.0
2022-04-13,-0.0032213173728789135,1.0,-0.35665877448480915,1.0,1.0
2022-04-17,-0.14100795717350942,1.0,-0.7487760204827338,1.0,1.0
2022-04-19,-0.6144414636200163,0.7458599601564689,-0.3535533905932738,1.0,2.0
2022-04-27,-1.3253735374266558,1.0,-0.4927479688678571,1.0,1.0
2022-04-29,2.0770687900864484,1.0,-0.3535533905932738,1.0,1.0
2022-05-01,-1.1519871228997585,1.0,-0.43982723653656175,1.0,1.0
2022-05-10,-0.08495167537441015,1.0,0.8020825034952906,1.0,1.0
2022-05-13,-0.14100795717350942,1.0,-0.7487760204827338,1.0,1.0
2022-05-21,1.0574412113590248,1.0,-0.43982723653656175,1.0,1.0
2022-05-25,0.8591017508734523,1.0,2.4748737341529163,1.0,1.0
2022-05-26,-0.14100795717350942,1.0,-0.7487760204827338,1.0,1.0
2022-06-09,1.3003117592388012,1.0,-0.5328605796556856,1.0,1.0
2022-06-10,0.6722180054781115,1.0,1.461120989172307,1.0,1.0
2022-06-13,-0.32104233704792434,1.0,-0.26726124191242434,1.0,1.0
2022-06-15,-0.32104233704792434,1.0,-0.26726124191242434,1.0,1.0
2022-06-17,1.1128615296607736,0.9582115649924912,-0.6898514892738075,0.0833318711921405,2.0
2022-06-21,0.864714724440621,1.5467227083501722,-0.6230412847591305,0.17781576852171685,2.0
2022-06-22,-2.2404287544772696,1.0,-0.7487760204827338,1.0,1.0
2022-06-24,-0.08122685078727764,1.0,-0.5310179584394003,1.0,1.0
2022-06-28,-0.3588652883395434,1.0,-0.3535533905932738,1.0,1.0
2022-06-29,0.319730517490239,0.40948721775011176,-0.46856689278604435,0.040644011645958975,2.0
2022-07-01,0.6092817059705554,1.0,-0.49730654903552696,1.0,1.0
2022-07-03,-0.10105036943085599,1.668002825573137,-0.3982430055106855,0.05880898349765029,2.0
2022-07-04,-1.4678608265913264,0.4756793059103105,-0.43982723653656175,1.0,2.0
2022-07-06,0.7234594299515682,1.0,-0.7487760204827338,1.0,1.0
2022-07-08,-1.7745352445455427,1.1828192788391314,-0.6398969894610671,0.15397820232888218,2.0
2022-07-09,-1.070549961679665,1.0,1.6292975171443127,1.0,1.0
2022-07-10,2.0654421356790693,1.0,-0.20398929429671392,1.0,1.0
2022-07-12,-0.2499366227565264,0.154048396198706,-0.5511647055380038,0.2794646016732183,2.0
2022-07-13,0.9229930807868172,1.0,-0.46798839443818946,1.0,1.0
2022-07-14,0.030179329009922606,1.0,-0.43982723653656175,1.0,1.0
2022-07-15,-0.4500729822665677,0.6447585236950739,0.5935251450996051,1.6890220776947902,2.0
2022-07-18,0.9103297779753728,0.2596717778914341,-0.7929234503006233,0.062433893992373625,2.0
2022-07-19,0.7234594299515682,1.0,-0.7487760204827338,1.0,1.0
2022-07-21,-0.7270920276834654,0.053272920161505886,-0.4512920341073585,0.05862754517915138,2.0
2022-07-24,-0.14100795717350942,1.0,-0.7487760204827338,1.0,1.0
2022-07-25,-0.14100795717350942,0.0,1.2941742027148408,0.0,2.0
2022-07-27,0.1640422156229509,1.0,-0.35665877448480915,1.0,1.0
2022-07-28,0.030179329009922606,1.0,-0.43982723653656175,1.0,1.0
2022-07-29,-1.495255921257983,1.0,-0.4927479688678571,1.0,1.0
2022-07-31,-0.7656112432495843,1.0,-0.6007938196121728,1.0,1.0
2022-08-01,-0.5201395365342395,1.0,-0.43982723653656175,1.0,1.0
2022-08-02,-0.24849216725351228,0.3514209930734005,0.2836667376775122,0.4011653476176688,2.0
2022-08-03,-0.14100795717350942,1.0,-0.7487760204827338,1.0,1.0
2022-08-04,0.374534451770954,0.7290870667077566,0.04280167151469111,0.8066520342380168,2.0
2022-08-05,-0.42307986796959673,1.384917320487705,0.34709349584383853,1.2995719537741799,2.0
2022-08-06,-0.949853251395931,1.0,-0.6007938196121728,1.0,1.0
2022-08-07,-0.6874812250830917,1.0,0.663630621053418,1.0,1.0
2022-08-10,-0.9993649159011351,1.0,-0.5310179584394003,1.0,1.0
2022-08-11,-0.7675948567237032,1.8551391394066168,0.45199815743783706,1.2612315674273236,2.0
2022-08-16,-0.2939243397942759,0.09184037018609063,0.8305676555952403,1.6746000430112147,2.0
2022-08-17,-0.051255658691700984,1.0,-0.4927479688678571,1.0,1.0
2022-08-18,-1.7654470478291113,1.0,-0.35355339059327373,1.0,1.0
2022-08-22,-0.14100795717350945,1.2225415031015174,-0.7487760204827338,0.0,2.0
2022-08-23,0.16179574524507423,0.9244144636516188,-0.3589569163262844,0.5520114733835881,3.0
2022-08-24,0.1623411257178356,0.3623348374616359,0.9336622834294218,1.2044860456911797,3.0
2022-08-25,1.2571585935243466,1.0,-0.630926958064881,1.0,1.0
2022-08-28,-1.005475344298587,1.0,-0.7487760204827338,1.0,1.0
2022-08-30,-0.14100795717350942,1.0,-0.7487760204827338,1.0,1.0
2022-09-01,0.7234594299515682,1.0,-0.7487760204827338,1.0,1.0
2022-09-02,-0.2980177775382125,1.0370730861198714,0.7076366492388033,0.1335666079994372,2.0
2022-09-05,0.14958823936283083,2.034117923887305,-0.6932569347162625,0.07851584406149889,2.0
2022-09-06,0.1647132321358714,0.43235505222615883,-0.5943016285096479,0.2184597801676759,2.0
2022-09-07,0.0710411700470913,0.23515790468645512,0.22304621169681696,1.4240908726081958,3.0
2022-09-09,-1.1155148287721064,1.0,-0.46798839443818946,1.0,1.0
2022-09-12,1.3142566819463004,1.0,-0.43982723653656175,1.0,1.0
2022-09-14,1.0447049938063024,0.5019623006442591,0.47022350315508177,1.4737040800488383,2.0
2022-09-15,-1.0732431861320004,1.1939636520898547,0.7418353716721771,1.8000864423555507,2.0
2022-09-19,-0.06502047066719929,0.8350248402902458,0.5704675158425494,0.6754180231314428,3.0
2022-09-20,-0.7155064428204361,0.7227147440394093,-0.6691218757615557,0.1264907239239308,4.0
2022-09-21,-0.4656346323479498,0.5436346981648567,0.27760322325052955,1.2012978678197188,2.0
2022-09-22,-1.3759613673521918,1.0,-0.7487760204827338,1.0,1.0
2022-09-24,-1.3565353570664112,1.0,-0.35665877448480915,1.0,1.0
2022-09-25,-0.7476200727653115,0.651064002985226,0.38516832747153257,1.8629210717482758,3.0
2022-09-26,-0.5422222572961659,1.0042058648141667,0.3354689548094627,1.4747365356691622,11.0
2022-09-27,-0.08461780607273847,1.0027595643972063,0.050064239981441334,1.2989393281376096,11.0
2022-09-28,-0.33079505965373074,1.4248799321684316,-0.33417179726699087,0.40927229578250174,13.0
2022-09-29,0.01650080267104426,0.6720941403429281,-0.1820040020271478,0.6270216452243268,25.0
2022-09-30,0.4341348897976079,0.5802008185220753,0.026651026996929443,1.155109012656401,17.0
2022-10-01,0.7313220604542963,1.5786452264700537,-0.20586663985038095,0.5180012087334948,4.0
2022-10-02,0.5502472930700631,0.9869803289089025,1.35818848631995,1.515718869218088,9.0
2022-10-03,-0.32638390419936714,0.6293880961893435,-0.17451633284542015,0.49614726788396235,5.0
2022-10-04,-0.1461753236764975,1.0191573553324107,0.26513530035698396,1.040264986168307,21.0
2022-10-05,-0.14210359554188665,0.7991533584942471,-0.24766829284446393,1.071714144679821,12.0
2022-10-06,-0.4241298224844987,1.0334356115962966,0.13718951553269812,1.0953289085490945,22.0
2022-10-07,0.06089087820423684,0.6040880334412508,-0.12737374187374137,1.134136625539583,24.0
2022-10-08,-0.22610607867235283,0.7995025940879255,-0.32906012663333617,0.4620794847982339,9.0
2022-10-09,-0.3204177258372636,0.8917645277262873,-0.2192253898626728,0.5886329040840379,18.0
2022-10-10,0.1972049803699119,1.1008628428532137,-0.20718785179034327,0.6322972756887507,41.0
2022-10-11,-0.08640405650129616,1.1170340850032439,-0.2012249713797761,0.7614822983499628,35.0
2022-10-12,0.15194736944496573,0.6523361474937558,-0.0502091369817217,1.2394303577670618,49.0
2022-10-13,0.2345247162954055,1.3276744290414475,0.2994618896195288,1.2188213975092592,43.0
2022-10-14,0.049188846764495794,1.0404248347010692,0.018653977478366647,1.0277877464580125,38.0
2022-10-15,0.18779699038489195,0.9692395739685176,-0.008096859686551,1.4582308176661425,22.0
2022-10-16,-0.3127536252167182,0.8227166605215734,0.26786699966941185,1.1316551766527876,15.0
2022-10-17,-0.18885342528403723,0.8393055059189791,0.10505141535540002,1.1146485946601823,36.0
2022-10-18,0.023819055361559757,1.1039320175860516,0.07974193801706196,1.0268395464835893,59.0
2022-10-19,0.32079917340338865,1.050661041839572,0.25278041469801826,1.117240767291975,47.0
2022-10-20,0.17540657512786623,0.855336547708718,-0.10930500403236451,0.8905736268989285,74.0
2022-10-21,-0.005315963722192101,1.180339174196604,0.00905712844017818,0.922817763551566,59.0
2022-10-22,0.04174877427319802,0.7992420105141084,-0.0979976107446997,0.6393346952165221,40.0
2022-10-23,-0.13389803085699098,1.0541261675833735,-0.0626067434893369,0.9308786355779894,26.0
2022-10-24,-0.17496853840226975,0.9022605096075104,0.05141574447376524,1.0408711489188438,45.0
2022-10-25,-0.04316412435301252,1.0245374193544634,0.028063949865451757,1.025655439639562,61.0
2022-10-26,-0.032460641912327566,0.9196268233148994,-0.07490793624594894,1.005826469065907,70.0
2022-10-27,-0.03333816682223575,1.0396007554923716,-0.036806581038589914,0.9832420383841413,60.0
2022-10-28,0.11289940499471428,0.6996430351599803,-0.06501776211233233,0.7394654734894079,54.0
2022-10-29,-0.3275194097894988,0.7163928354764921,-0.20816502798315265,0.6704415203247304,43.0
2022-10-30,-0.013280249456782854,1.029386550170502,-0.2831372647800544,0.8415471721308728,29.0
2022-10-31,0.15438156150650645,0.8760759488504868,0.06250803449531915,1.0846899409382165,59.0
2022-11-01,0.18251890532268455,0.8818304065231641,0.100838803060537,1.266941192674036,47.0
2022-11-02,0.29467479653549916,1.1082330348867881,0.2109642872563333,1.2215591476753274,75.0
2022-11-03,0.048787198773333235,0.8539359620816186,0.3084419296299619,1.0660289402370784,58.0
2022-11-04,-0.21538654211225922,1.2077730522447363,0.03089250046194133,1.2289468447659002,52.0
2022-11-05,-0.009634847050725159,0.8012728701171659,0.30360130455927337,1.2384452136692605,41.0
2022-11-06,-0.02989019518038582,0.9360350819102263,0.1068802011001473,0.9887709247163465,52.0
2022-11-07,0.1332753891982634,1.0977296978585664,0.25081567670801574,1.0661950326952072,69.0
2022-11-08,0.05540059028196725,1.0203819505706904,-0.03428609797623151,0.8162034831121109,85.0
2022-11-09,0.17122025392782098,0.8206292538233779,0.4561351479794518,1.2496638110840792,73.0
2022-11-10,-0.22032426690308965,1.0516159980649313,0.12888384401312472,1.2002317874128166,66.0
2022-11-11,-0.18049639440920753,0.92262209238607,-0.037153675561477334,0.8940497119836431,88.0
2022-11-12,0.2172346245588459,0.886479251488018,0.2510077739208872,1.630637516292256,21.0
2022-11-13,-0.19253368292314188,0.9101571056895855,-0.05959434078030559,0.7355447031196847,24.0
2022-11-14,0.1671889134175029,0.9690891101197961,-0.060054941515158694,1.0500384713559834,57.0
2022-11-15,0.11283307964781118,0.9131472877735767,0.15671885014729536,1.0731176741994708,71.0
2022-11-16,-0.14189847962149724,0.939317489464041,0.22979630366939457,1.136290676923647,62.0
2022-11-17,-0.18960407728679926,1.1739909745447243,0.14274985559219247,1.0720984325816723,63.0
2022-11-18,0.2550499396887031,0.9065306705625504,0.08949116762174045,0.9934196563942399,95.0
2022-11-19,-0.39508621706685243,0.7862453106631001,0.04858384795007949,0.9709983741560488,28.0
2022-11-20,0.05038365082638411,1.1789490859544312,-4.081126877988997e-06,0.9678195768777335,27.0
2022-11-21,0.00197092451083012,0.9577120079546989,0.07045707680598898,1.1988048225842824,43.0
2022-11-22,0.02537529043169986,0.9855039214203147,-0.04727162142853292,0.7778732089082474,76.0
2022-11-23,-0.05781276163453927,0.8624821087625626,0.09553343658679668,0.9994526458173332,93.0
2022-11-24,-0.0912358420203375,1.1296295161868783,-0.016583301878268307,0.9785879136449492,220.0
2022-11-25,0.15367007794921297,0.9168452524119242,0.017204272954608524,1.1957837947175578,75.0
2022-11-26,-0.07521342956566851,0.8971161558331343,0.2008902234245444,1.2059618377930026,44.0
2022-11-27,-0.07991833978257609,0.8165774090223019,0.007565324106467013,0.8302769542539873,33.0
2022-11-28,0.15449700548903683,0.9445171213745533,0.03148591826305701,0.9331768361009697,44.0
2022-11-29,-0.04807525318456284,0.8210223636134565,-0.022608058418468167,0.9798672388997409,88.0
2022-11-30,0.004206102012934208,0.9815340015317234,0.048833231665101576,1.0055237410588527,77.0
2022-12-01,0.13113618807973781,0.9502951954399304,-0.16526858821265766,0.680054931223748,89.0
2022-12-02,0.04193503310897453,0.7415492183663261,-0.08441818906572586,0.9174408328926106,58.0
2022-12-03,-0.489756109922925,1.0845313713875546,-0.1730890053944976,0.676244349990867,44.0
2022-12-04,-0.08898066914850201,0.9149461573373411,0.1488618393366611,1.1847821978076674,87.0
2022-12-05,-0.06750101054742114,1.0175059671886617,-0.20121264587001633,0.6668631451095482,85.0
2022-12-06,0.1288067664357783,0.9586826020206163,0.03232300058716599,0.9772879352483589,41.0
2022-12-07,0.009991372842854573,1.090472346028021,-0.23911788431617306,0.5950099614967658,56.0
2022-12-08,-0.20311562263789634,0.9782776177490484,-0.31930630041670277,0.474373563930838,69.0
2022-12-09,0.12396820973513042,1.1386708785036923,-0.13272410454175432,0.7323833540212397,90.0
2022-12-10,0.29932978186370185,1.084076985841329,-0.23918770181602517,0.6420536373264134,32.0
2022-12-11,-0.22671193204260381,1.0589953887171697,0.3289837383585503,1.2911872747554993,65.0
2022-12-12,-0.14365969812211923,1.0906481632041924,0.0763380935268804,1.0965267110149906,83.0
2022-12-13,0.1322045259805517,0.791400697682212,0.16838984904507992,1.2188208933943112,69.0
2022-12-14,-0.012380298962608319,0.9541096308245329,-0.05967390438880877,0.9436378689082054,63.0
2022-12-15,0.05041306129560528,1.1517085173764834,0.10607140797718591,1.003852162120641,97.0
2022-12-16,0.3297388539744435,0.8785347093717719,0.014788002176912382,1.050119687003537,78.0
2022-12-17,0.15409235531535492,0.9268457993808548,0.21039320485957802,1.0431016077218056,29.0
2022-12-18,-0.046757535659030534,0.9838152668109319,-0.0969274412777615,0.8792059344036253,25.0
2022-12-19,0.11065333637842346,1.1325254773556788,-0.24037871664603153,0.6859223414617835,59.0
2022-12-20,0.10325852001464401,1.0959476657737284,-0.09118842906821868,0.7976342651240624,78.0
2022-12-21,-0.029892673232266295,0.9758222122985664,-0.23943126186373404,0.5663164916307432,82.0
2022-12-22,0.05387730567420333,1.1204924257785709,0.08937013616820179,0.9972349928385218,81.0
2022-12-23,-0.037609270969835774,1.0136183385156061,-0.18898844405990284,0.7780241777824198,64.0
2022-12-24,0.1917682132513112,1.0938016302645133,0.22703356364917365,1.069610993708753,28.0
2022-12-25,0.29811930537115544,1.1385534777537505,0.32918370901392163,1.3748259441986974,38.0
2022-12-26,0.08708533508163845,0.8362620225410771,0.17363621491769538,0.9011832428705645,36.0
2022-12-27,0.03285235608933167,0.8080022817001195,0.2958249232015663,1.2448980727764067,49.0
2022-12-28,0.04222740973250227,1.0386740711143319,0.10120614570276228,1.324247414834761,79.0
2022-12-29,-0.040533654189803675,0.824359620115199,0.21314212256018572,1.0306448673197997,48.0
2022-12-30,-0.1164442630635591,0.8976383755542815,0.09967166886995744,1.134221621324533,43.0
2022-12-31,-0.191038957863314,0.8042945124195139,0.3225021785879901,1.1434606638525175,31.0
2023-01-01,0.40707858259509516,0.6371779220757523,-0.18236465237786723,0.7404166207063602,17.0
2023-01-02,0.09169411271626533,0.8081332080376181,0.4123223210012708,1.5784119868716109,46.0
2023-01-03,0.07888018284660551,0.9570960830182751,0.07595782620430457,1.1104979956398562,86.0
2023-01-04,0.0035537047912971693,1.1199236175527623,0.30419803412477464,1.036203955780226,45.0
2023-01-05,0.11810803279928316,0.8842579916453657,-0.15219858605440273,0.6234278696395023,33.0
2023-01-06,0.10075589498715522,1.071067946512924,-0.0011869354472006926,0.9484927417696069,39.0
2023-01-07,0.018589200737160288,0.9167147081648234,-0.08314638409059748,0.9237306440927108,38.0
2023-01-08,-0.11043326218104456,1.018833906796975,0.4976718718634738,1.7705272400376786,41.0
2023-01-09,-0.15638866372747048,1.2018062193487973,-0.1907384882039169,0.530474020818102,29.0
2023-01-10,0.07994339880784704,1.2141495232107127,-0.2823384117733014,0.5393450951537585,49.0
2023-01-11,-0.03061523366094331,0.8888015856343823,-0.02822112198576682,0.8954399302286931,46.0
2023-01-12,0.05853841646952042,0.9380091635126434,-0.018950099005590443,0.9402055801711653,33.0
2023-01-13,-0.018520187344263,0.8758350189111642,0.5552148053680144,1.84211021251002,38.0
2023-01-14,0.19152008317226937,0.97437881192791,-0.018975673837892157,0.8531940902318494,23.0
2023-01-15,-0.21502907830307968,0.980241082548637,-0.06290409334896048,1.1412793921540383,14.0
2023-01-16,0.06337290884278875,0.8937178899455344,0.036170875367195925,1.1320957354222476,33.0
2023-01-17,0.25126343427446673,0.9109011915893206,-0.08481055535586796,0.7577889678609556,46.0
2023-01-18,-0.056002153724466604,0.8582567099348439,-0.09242868271227989,0.9923173903352516,61.0
2023-01-19,0.05174251450018462,0.9808855523284485,-0.025519547971414244,1.0757364711230704,58.0
2023-01-20,-0.06468623796985858,0.9530392750603269,-0.022747919067369542,1.071386612667812,48.0
2023-01-21,-0.3431501924876544,1.1127378346342187,-0.04837217624141664,0.8639258760315014,28.0
2023-01-22,0.1246197882200072,1.0657311699225926,-0.13824473258707728,0.7292884769835484,51.0
2023-01-23,0.1610258068752424,1.1075491410696805,-0.15358972693063255,0.6305989463475621,36.0
2023-01-24,0.2045157849069634,0.8958971694784068,-0.14314286389864322,0.6928670030811589,28.0
2023-01-25,-0.09347741041547937,1.1314438712002786,0.108209520796557,1.286505883085243,47.0
2023-01-26,0.2337311355476441,0.96861479286076,-0.020165855132669063,0.9356430260009168,44.0
2023-01-27,0.02188423583263946,1.0738724627837601,0.41012293710439574,1.6576302196927735,40.0
2023-01-28,-0.20794377069827788,0.8629676467061476,0.003912568937824497,0.9081064274905606,41.0
2023-01-29,0.09064385910551703,1.1262105755680918,-0.1357988038348987,0.8370393724882284,29.0
2023-01-30,-0.24153724327942025,1.0966135900146963,-0.30388792451412205,0.4359443261290055,63.0
2023-01-31,0.09314288523554615,0.8689301807955351,0.41849855653330215,1.416379405184038,43.0
2023-02-01,0.1713755445095097,0.6651676122887418,0.04731381061296131,1.1596402691868049,39.0
2023-02-02,0.13272568695228984,0.9552304469851255,-0.002396946042376155,0.7953980391015202,80.0
2023-02-03,0.15261303833186032,1.2623394015983382,-0.07767729970152204,0.8607584035744918,32.0
2023-02-04,0.11638213558901347,0.82848864335229,-0.15202116520092052,0.6099140003384979,40.0
2023-02-05,0.20697562387871704,0.49574677349396834,-0.18591547472779524,0.7885205538212041,18.0
2023-02-06,-0.1469019620810992,1.2203865264606522,0.2838746454387712,1.1737172644490903,22.0
2023-02-07,0.18172260240464636,0.9541717302842465,0.3581215493678842,1.3544844678893173,45.0
2023-02-08,0.03572161344326669,0.9363980759837598,0.062242629491464946,1.2114649286711408,49.0
2023-02-09,-0.22693631142164125,0.9236368385935027,0.08445500708961748,1.2237031160351768,58.0
2023-02-10,0.05117675814821711,0.7791249589323141,0.12234812202713341,1.139869819521449,73.0
2023-02-11,-0.4355589566500769,0.7470774279111774,-0.24246745555628835,0.7578024260171933,17.0
2023-02-12,-0.4229042615962043,1.2516792138364348,-0.40046679168805643,0.13680399602127538,8.0
2023-02-13,-0.23250506547876884,0.8285224738920085,0.5396112076525088,1.7576311744475104,24.0
2023-02-14,-0.12621924896903833,0.7940604197083414,0.37448450068747485,1.4645727948795473,47.0
2023-02-15,0.3439117584218707,0.9598264152624807,-0.024021426667835206,0.6886674378590676,29.0
2023-02-16,-0.37657452766281635,0.7796926614580069,0.14549280599790784,1.172364964900993,56.0
2023-02-17,0.07580939640612638,0.945001695682824,0.3035167890844533,1.460835324446226,41.0
2023-02-18,0.00946955444548275,0.9549345378266666,-0.19708635984802347,0.49447818988363507,26.0
2023-02-19,-0.06961885484826029,1.1172810245064861,-0.10287588837356273,0.9223621648866476,54.0
2023-02-20,0.1345137115574784,1.0088221755216258,-0.2260903051832463,0.566410824931098,112.0
2023-02-21,-0.001661824875679235,1.139227275254525,-0.12699326499656785,0.7905725779826456,103.0
2023-02-22,0.011827989721253523,0.936020594514526,0.23226760471561608,1.184029442121004,86.0
2023-02-23,-0.13685131483654697,1.0316830495349494,0.4070934416024344,1.472082960708186,33.0
2023-02-24,0.09433383524177462,0.8386415989617896,-0.07545958811395502,0.9985422819604514,51.0
2023-02-25,-0.1101981638420626,0.7301290426094925,0.07999608930574877,1.1871728341886287,52.0
2023-02-26,0.03529301744311612,1.255553115717887,-0.32450696082734826,0.6412202359208631,15.0
2023-02-27,0.029116389040042694,0.886904522395472,-0.10132793271540018,0.7995227102891496,46.0
2023-02-28,-0.22618235722296037,0.7428909744935216,0.09515618367238393,0.9508913166330915,41.0
2023-03-01,0.03304768740439619,1.012744935580373,-0.12040681430273988,0.7146716746610153,32.0
2023-03-02,0.11455994486925718,0.9550837235269118,-0.08678057933522654,0.9705495085384991,75.0
2023-03-03,-0.14847414378129975,1.0900505362808173,0.19617813099344353,1.2585244749121764,35.0
2023-03-04,-0.2816803277415893,1.023117411352321,-0.048680895974350824,0.9531387390229583,38.0
2023-03-05,-0.09309262486344176,1.267391095438305,-0.31875741124127605,0.4355325203121392,16.0
2023-03-06,0.07142054519251588,1.075645042975838,-0.03959183986146214,0.7175950845940586,50.0
2023-03-07,0.005058632922458664,1.0029094677247437,0.030579188117003712,1.0376892445565762,71.0
2023-03-08,-0.25709088540211444,0.8503386215645926,0.04001388315674765,0.8448451688541576,34.0
2023-03-09,-0.1498161194617208,1.1684392344909094,-0.11289140127104667,0.7269114406365368,54.0
2023-03-10,0.21827326959712057,0.7535248777999863,-0.23064641001460293,0.6319067009977525,75.0
2023-03-11,-0.002701322896154126,0.7304519061205444,0.1743694084725057,1.763502250355773,18.0
2023-03-12,-0.04565283816269139,0.8892156254092946,0.10971800623794908,1.112679236015265,33.0
2023-03-13,-0.05119595376965193,1.1323271327494062,0.1327367258212099,1.0687888894234059,35.0
2023-03-14,-0.21073736195913517,1.130330547683381,-0.3064371406472091,0.6004719319216727,60.0
2023-03-15,-0.012490994238359749,1.2671840487427204,0.007504616548332954,0.8670628977976156,45.0
2023-03-16,0.10318714945362836,0.9237149884658756,-0.1638276616628085,0.6534027780882539,64.0
2023-03-17,0.17550021383490508,0.7884207704438108,-0.2740693226743018,0.4713904205201724,41.0
2023-03-18,0.2089332242510629,1.115869608965554,-0.15872195473584017,0.666886984611728,46.0
2023-03-19,0.1421207892133297,1.1148963900619278,-0.052373245622362584,1.0287552922107355,43.0
2023-03-20,0.18905136440192544,0.9233837253696345,-0.030013990700918383,1.0280779050250184,35.0
2023-03-21,0.2737484000788593,1.0547019525683838,-0.12234582427659864,0.6144213150000659,65.0
2023-03-22,-0.059073002271552454,0.9550264504433533,-0.24383486648173,0.5744497272390636,39.0
2023-03-23,-0.09769896467476424,0.9283676596267664,0.006623300869408348,1.0166701679639065,64.0
2023-03-24,-0.02834732365047303,1.207625020566869,-0.07922018897635105,0.6469653053934711,42.0
2023-03-25,0.06337144620995389,1.0381469402943182,-0.13478011741027202,0.5699741762889889,55.0
2023-03-26,-0.03157540122844054,0.9610420333137873,-0.24426892258042318,0.5209139976195439,55.0
2023-03-27,0.09894632527702794,1.0580243103374405,-0.08590022840284116,0.7324303979749589,34.0
2023-03-28,0.1887072493272157,0.620489883471348,-0.05573033229797393,0.7355203616911326,19.0
2023-03-29,0.18882462079915188,1.1148433462690885,0.3155496589934039,1.132305241104526,36.0
2023-03-30,0.11168863699985032,1.1713834942734949,-0.050316413713417635,1.1122072486077164,51.0
2023-03-31,-0.011008049842558989,0.9512656463989058,0.14709377403879073,1.1254353877901058,49.0
2023-04-01,-0.27043875688682617,0.9011339813386854,-0.30442160990291023,0.5210425223773976,44.0
2023-04-02,-0.1839572841297117,1.2526560639846185,-0.22371870666107752,0.466711900660755,20.0
2023-04-03,-0.09879850591757239,0.9768389958020828,-0.11521809068934208,0.8156416937622026,39.0
2023-04-04,-0.10857449366244706,1.0156304589255287,0.03529747577907831,0.9056666967426058,31.0
2023-04-05,0.18385132761089723,0.9406668487842714,0.25612069644662017,1.687827717427123,63.0
2023-04-06,-0.16006477797014604,1.1090950469114615,-0.15030906574108563,0.8327582389825905,41.0
2023-04-07,0.052805953587167456,0.9763303792445576,-0.06724076469462499,0.8662714381653738,60.0
2023-04-08,-0.1486815035961729,0.9191112655293927,0.03239982591316912,0.8322857192901518,38.0
2023-04-09,0.0009821637209935369,0.8115572649973037,-0.35023960568808266,0.47518291930402734,28.0
2023-04-10,-0.24576347006399146,1.013785738612723,0.36231012118775174,1.4753399696274963,32.0
2023-04-11,-0.21389137494209015,0.9144067179974654,-0.07992121429236787,0.7400639401942315,42.0
2023-04-12,-0.24173467112448888,1.0427615554569223,-0.33003382801966147,0.330719686590916,25.0
2023-04-13,-0.22653048845521948,0.8255490404952135,-0.06279051090332484,1.068908396175726,69.0
2023-04-14,0.2896460657889438,1.1210964454573848,0.17594969243242153,1.29127975217706,67.0
2023-04-15,0.10830837225426447,1.0208429492326259,0.11196608478570888,1.192457306256792,30.0
2023-04-16,-0.0783707644026084,1.183717220822055,-0.20001421750736195,0.6549497120052463,42.0
2023-04-17,-0.1717825079128134,1.0318970465485306,-0.0735596110872285,0.8331254968864892,53.0
2023-04-18,-0.4230265217207193,1.156215425251651,-0.12458336970647253,0.8399375164632351,52.0
2023-04-19,0.19021129962600086,1.0594928736848206,-0.10695781040107276,0.891771060413421,30.0
2023-04-20,0.04824104182661209,0.9694738815016657,-0.0792772930007247,0.7966345162160465,40.0
2023-04-21,-0.06258998214676438,0.7715105855061797,-0.24605538806351496,0.5275452891022107,37.0
2023-04-22,0.14940626622487554,0.8755055050787481,-0.1570411164613898,0.7887731182592294,19.0
2023-04-23,-0.2876860821222158,1.067069140705199,0.18098994851259906,1.212748857221899,25.0
2023-04-24,0.005729321622770073,0.9454966993801812,0.5444911587982841,1.4260260103251379,37.0
2023-04-25,-0.06287915193754233,1.0400837843448012,0.03452702476247269,0.8349970828171542,41.0
2023-04-26,0.18882227797831336,0.6952796831242357,-0.11893496703330778,0.920630326961715,42.0
2023-04-27,-0.007175762880907961,1.1236250685099984,0.007521727491336187,0.9165333362943983,58.0
2023-04-28,0.006333483904312931,0.7898409505299604,-0.1163877850940009,0.863135319198061,37.0
2023-04-29,0.3083138009625725,0.9883527020079061,0.2638431283570188,0.9245392575446261,18.0
2023-04-30,-0.01637511067073274,1.1690270136865508,-0.13819768982826236,0.7686286523992159,29.0
2023-05-01,0.4311817966949998,1.313715215602554,-0.26742876841083235,0.6926056790230084,24.0
2023-05-02,0.04722103547906126,0.8772629751379774,0.34567446095904597,1.1474284278266043,40.0
2023-05-03,0.11938666496436218,0.8081850443920404,-0.030557875474869822,1.0289255524808014,33.0
2023-05-04,0.21172259990294284,0.8386043374097407,-0.005939021211156424,1.0166443261202995,70.0
2023-05-05,-0.23390840155182233,1.1374992225877691,-0.1601885559451312,0.8679937994098217,110.0
2023-05-06,-0.35345008271960676,1.076558740263133,-0.1335864635006767,0.6521820307848613,24.0
2023-05-07,-0.2086383055679861,0.9138411590054573,0.36165873558677897,1.7020193560014534,21.0
2023-05-08,-0.16812757728698244,1.1913403265825306,-0.09914551202064892,1.0130998823516388,51.0
2023-05-09,0.05259160857042939,1.2671241267573905,-0.2592354481652486,0.5177281458895556,67.0
2023-05-10,-0.04155425054382194,0.9841446264052245,-0.1972856648913843,0.7114070880997566,63.0
2023-05-11,0.03638905339773594,1.1311323729366822,-0.07603510354759173,0.8416140004235803,51.0
2023-05-12,-0.06726997383240685,0.9007387026290761,-0.23041594009351465,0.6210578145185507,71.0
2023-05-13,0.20487744129684737,1.0193542638179243,-0.3109021107803712,0.4585505215144279,38.0
2023-05-14,-0.011027107937015926,1.052748227979361,0.2513176222476043,1.061457787815632,45.0
2023-05-15,-0.03148192836046016,0.9537632145906023,-0.15260748433734198,0.6564400751774597,50.0
2023-05-16,0.07185172798787366,0.8515508565993355,0.07127702147647683,1.0000904130846757,29.0
2023-05-17,-0.11219421567367566,0.9803459020007812,-0.01286615527449392,0.8165177939792647,45.0
2023-05-18,-0.02676210822682602,1.0602731554915437,-0.12176543842548858,1.2997400496259044,29.0
2023-05-19,0.2979465419155918,0.7713838092659255,0.21308338607262178,1.3743633150603962,47.0
2023-05-20,-0.012514938164911412,0.9467726768203927,-0.20681438946150296,0.8787640873474909,54.0
2023-05-21,-0.08856014772617586,0.9044255301267079,0.04214094147113695,1.232019670334674,41.0
2023-05-22,0.24600618942616992,0.9712688873957295,0.02371255660756798,0.991529830837827,44.0
2023-05-23,0.06718040830261783,0.9972549009807765,-0.06939856353042116,0.994632464244414,47.0
2023-05-24,-0.04138882142869806,0.9771797475204076,0.049688173509750466,0.9270440219146205,61.0
2023-05-25,0.1443452908798784,0.8685760530131925,-0.12030985819766979,0.8932215903356072,71.0
2023-05-26,-0.10982522840970145,1.064954695901213,-0.2194255768692578,0.6234308234354449,63.0
2023-05-27,0.1944101206047921,0.9363303682937427,0.09274705365167656,0.8990415270643749,25.0
2023-05-28,-0.23840979924056557,1.1640576903618245,0.23387939230846383,1.1712633716850842,28.0
2023-05-29,0.07992894795803789,1.0044439108111682,0.20188648478027585,1.154319177683289,15.0
2023-05-30,0.1801977892689112,1.1590362495056876,0.012507086260389329,1.1373778371396563,72.0
2023-05-31,0.22577782190020282,0.9660021997779208,-0.009645787997504889,0.9755103223365985,51.0
2023-06-01,0.146262825807768,1.0540239832594334,-0.05410865146329173,0.757089040409912,47.0
2023-06-02,-0.19987276061623543,0.9536936101307477,0.0033135480855810925,0.8413445703011125,49.0
2023-06-03,0.005611697443782537,0.9947447058293087,0.2994739605840751,1.5587638707155882,37.0
2023-06-04,-0.05316583134967018,1.2510685878951768,-0.10995578793761322,0.8688484391384879,19.0
2023-06-05,0.04814737741634743,0.7832202874301054,-0.19891823964235664,0.6378057747322142,63.0
2023-06-06,0.27331738569510683,0.7628604230869387,-0.19174721076967832,0.48705657515864587,25.0
2023-06-07,-0.12435849886871803,0.9799716088772218,0.15518250491717034,1.0844736798107053,50.0
2023-06-08,-0.0009118359498752849,1.1459222988350541,0.011684627113550134,1.0276903838840856,76.0
2023-06-09,0.006170063017742049,0.9475679096444419,-0.060099224570995306,0.9523214175485368,49.0
2023-06-10,0.19481992491691424,0.6677730733668412,-0.07168306753952726,0.9798097865515552,17.0
2023-06-11,-0.2546962968473536,1.0594536453068002,-0.19547338892835395,0.637938736996887,22.0
2023-06-12,0.14502227063779377,0.9107610150627512,-0.07602398911604381,0.7590943238449382,71.0
2023-06-13,-0.03960010975649693,1.0215712460338973,-0.195874054955905,0.6686413835258763,61.0
2023-06-14,0.14976000386120525,1.0805009530414789,0.21624213870621903,1.4004744540208673,43.0
2023-06-15,0.3001773576871653,0.8931910579052603,-0.10881878228086948,0.9174494608844613,71.0
2023-06-16,-0.05919195529386058,1.2215989608817674,-0.08608329855627908,0.7845271277906208,54.0
2023-06-17,0.08001972461265597,1.2330516942665153,0.38116564537189696,1.5595160745710754,32.0
2023-06-18,0.34686238525844043,1.0413328319446509,0.021480607043535133,1.0223220510595274,18.0
2023-06-19,0.07751031231811321,0.7638817354728871,-0.2681336861633848,0.4572141024818177,24.0
2023-06-20,-0.1124155026338455,1.0165211734059232,0.1328733867577945,1.1596506702306681,52.0
2023-06-21,-0.1032007351147701,0.9205991758974834,-0.17707164303964643,0.7891949960915257,59.0
2023-06-22,-0.057714372745081344,1.2204627642739774,0.3583635419266708,1.4127263576278686,32.0
2023-06-23,0.4087105205390408,1.060295883180685,-0.1621595741029659,0.7273663065703834,54.0
2023-06-24,-0.16477256226358658,0.9268351033350386,-0.29535060015359416,0.5328276863542971,40.0
2023-06-25,0.14862672179201852,0.9813945893534312,0.0883810737392627,0.9948071610165684,19.0
2023-06-26,-0.06525052543474834,0.908907429453931,-0.1003761119603539,0.8192687627054543,52.0
2023-06-27,0.042688084441753885,0.7357903550986962,-0.16601205026214114,0.6946112197774368,39.0
2023-06-28,0.21441203459492766,0.9657690431328732,-0.15892707648146165,0.8454780802932828,50.0
2023-06-29,-0.310461426672594,0.9441637811829146,-0.021721659432402514,0.8132216557571128,36.0
2023-06-30,0.034960155274930835,1.063141796113505,0.10342116303184673,1.161717210489144,30.0
2023-07-01,-0.38543485423841944,1.1409729515307665,-0.05694846842699458,0.9703010589417475,38.0
2023-07-02,0.004331171680939026,1.103764392679738,0.30729433049024263,1.160400687450493,29.0
2023-07-03,0.05199264385260682,0.9061640098074061,0.09937394633352051,1.2005336256575139,57.0
2023-07-04,-0.002259477565925261,1.0017875835950918,0.020463808715340433,1.328085252106533,68.0
2023-07-05,-0.23507120763095268,1.0743748004659748,0.004336554698166147,0.9830253132654629,43.0
2023-07-06,-0.12267657481962908,0.8697606967322076,0.1778546653785774,0.9806656798923858,70.0
2023-07-07,-0.06919035148797456,1.0103090171934574,0.11320148143119275,1.1715243607934902,41.0
2023-07-08,0.2743878331215363,1.0379134744802636,0.131406008590454,1.0177288384442997,24.0
2023-07-09,-0.15078932832043437,1.073409384650893,0.05728630854237138,1.1349577264070108,23.0
2023-07-10,0.12512345736156733,0.9686219451328228,0.12795789189946366,1.3575756387962394,43.0
2023-07-11,0.26148503120567923,1.0514657874663562,-0.2560929591687184,0.644658608983851,47.0
2023-07-12,0.1433813657297585,1.0154262247794807,0.022927927115087118,1.1523475394215523,55.0
2023-07-13,0.05328854151107166,1.0452773644758953,-0.27012319749810765,0.4559621058334184,39.0
2023-07-14,0.0035167940495670507,0.7393629391130183,0.2038747243746959,1.2235417207752044,57.0
2023-07-15,-0.04918851209454306,1.1414361842318983,0.47729469283699066,1.3817580475058886,20.0
2023-07-16,-0.43321890581190475,0.9328191016414614,-0.032179311284169926,0.9114553127624325,32.0
2023-07-17,0.1015311224516582,0.809588141647764,-0.05569774777453238,0.9447353381650496,45.0
2023-07-18,0.20013019486992903,1.0301616977451253,0.3799279908032953,1.4149715824733913,41.0
2023-07-19,0.07498665531238134,0.9977789230549995,-0.13539553689277964,0.7004704854865669,44.0
2023-07-20,0.16659544508143262,0.9694876333336777,-0.08836082196256877,1.0547835475236385,24.0
2023-07-21,-0.04268148497368398,0.9311606007959926,0.44613270132708066,1.2243761518923253,31.0
2023-07-22,-0.2151642983058665,1.4345469181486858,-0.3325689686487406,0.3882896748306654,30.0
2023-07-23,0.15298952240126343,1.0478459850552115,0.21542610277611018,1.2261596455993506,16.0
2023-07-24,-0.055590339860464466,1.003147197643298,0.13510655773848654,1.3830412781382775,30.0
2023-07-25,0.046596933660569224,1.0815445736023974,-0.09234152613404924,0.6807779894482806,55.0
2023-07-26,-0.12176664481031199,0.9650709644758575,0.14414593503037804,0.9854239507906273,39.0
2023-07-27,-0.24869236903582784,1.404485852715752,0.02565949636888011,1.0520127788506473,47.0
2023-07-28,0.029743612488251168,0.9181003221428629,0.08728622561602543,0.9749030622097555,53.0
2023-07-29,-0.35089564233114373,1.0889660487386759,-0.1208291861623373,0.8639669686294281,44.0
2023-07-30,-0.0398674477255333,0.9959531896174529,0.025105888285551218,1.167471687966863,25.0
2023-07-31,0.07311176664129299,1.023388217512656,-0.021744998855810656,0.9189901980093572,64.0
2023-08-01,-0.1129194586596021,1.2025009025254687,-0.0799145501391078,0.8613623920918774,34.0
2023-08-02,-0.23470472750552412,0.8368234224636115,-0.03516899886114417,0.7776890876922004,21.0
2023-08-03,0.23775733509058078,0.9904448163052721,-0.014197729756362732,0.9932286203112664,45.0
2023-08-04,-0.04383884471692669,0.7272986275641671,0.10878048146096926,0.9364520484018213,21.0
2023-08-05,0.1106168051817107,1.0896118655481721,-0.09827755061098596,0.8642679925220453,31.0
2023-08-06,-0.02911417147910769,0.7403335370188983,0.1504024981024542,1.3296473961883775,18.0
2023-08-07,-0.8912884401319358,1.4983060249424753,-0.27708531219327404,0.5293432911651103,27.0
2023-08-08,-0.167233061229244,0.787508463249515,-0.16956797439826482,0.6464634549706272,28.0
2023-08-09,0.03565384516896861,0.7298084861864594,-0.09835779966375499,0.8850115559574588,46.0
2023-08-10,-0.03055291327604149,0.835490241863579,-0.19621068116353135,0.6379743367705772,40.0
2023-08-11,-0.19075372529189422,0.998463324339697,0.03979238293949841,0.965884085421932,72.0
2023-08-12,-0.12137444403613179,0.8022233860577322,-0.2517537262590162,0.5830580844105862,34.0
2023-08-13,0.017708549802184656,1.0238336511476018,0.1750994775538163,1.4075692495889212,32.0
2023-08-14,-0.059576518713644666,1.006690324846671,-0.026267942763317936,0.9167022384443225,67.0
2023-08-15,-0.17594351769512043,0.7813204056723624,-0.0013099136406089012,1.1835322247987208,27.0
2023-08-16,0.1349048999482999,0.8766298464279061,-0.18671990124903268,0.6688453098066339,37.0
2023-08-17,0.12144528791891819,1.1626184079215105,0.476292699662107,1.453237695004974,44.0
2023-08-18,0.11935117191382198,0.9710501431689089,-0.16241231814605495,0.7360390547355777,41.0
2023-08-19,0.3312524267734825,1.3477096064665022,-0.37569308789363043,0.08548949935865123,13.0
2023-08-20,-0.3040067426666501,0.8857790866724773,-0.2177196977419728,0.45458823662836695,23.0
2023-08-21,-0.03518474787403478,1.2096019359752896,-0.16422536057379686,0.678014037211057,32.0
2023-08-22,0.17175060871693731,0.9708562928023305,-0.1543101629189914,0.761350000494707,38.0
2023-08-23,-0.11297844764842441,1.0665356757146902,0.049860310625148424,1.0045715678057754,30.0
2023-08-24,-0.39315279235772066,1.0332223706362196,-0.02889140955515619,0.85743371466527,48.0
2023-08-25,-0.09037007367832559,0.6278542084557209,0.016724519337974114,1.1875985043388073,39.0
2023-08-26,-0.33639590100775874,1.2554710896548464,0.35910888249990097,1.5676634078761709,13.0
2023-08-27,-0.5032652419931849,1.3855262449147185,-0.32691668758622583,0.4072884739529156,25.0
2023-08-28,-0.14855165803569081,0.7450114127049979,0.20069418893564042,1.3310500634393105,23.0
2023-08-29,0.07956237785681693,0.9460544106386841,-0.013860093803823813,0.8864908893208663,17.0
2023-08-30,-0.00885966424515736,0.3922686914898728,-0.23488518978454662,0.4883307350096497,20.0
2023-08-31,0.14699135267784727,1.1089037374928803,-0.3174220708836245,0.5956981704313224,29.0
2023-09-01,0.23957200745031365,0.839466671621009,0.3822797665261825,1.3599095942325028,18.0
2023-09-02,0.30186795424343466,0.8710704771298636,0.021080029129206358,0.8879022900354585,15.0
2023-09-03,-0.05968707297212618,0.6275562662787828,0.06216602268742801,1.0197778739985524,34.0
2023-09-04,0.375237423948517,1.0993275708626236,0.04740697437944753,1.184222960552872,29.0
2023-09-05,0.1708160364794684,0.7257786677282142,0.8056116601420894,2.0604418258857495,25.0
2023-09-06,0.23832571232402758,1.0232937613170874,-0.0011223173167721433,1.2296145420455082,24.0
2023-09-07,-0.3549344624996185,1.0502376930070636,-0.0758531567715815,1.013481441690217,22.0
2023-09-08,-0.3925037017935883,0.9090926332952936,0.30672672765992237,1.18042784155916,61.0
2023-09-09,-0.004136480878573557,0.9762890051410925,-0.007467146532149997,0.998334415233866,53.0
2023-09-10,-0.28081409980899846,1.2634422974320432,0.07339389244160942,0.9072395091266986,26.0
2023-09-11,-0.03582521149791602,1.0319034269636165,-0.136571738589587,0.8351040486945506,43.0
2023-09-12,-0.09851609439730448,0.9257206027729814,-0.06106002222614167,0.765810225078043,48.0
2023-09-13,-0.48345284314261194,1.0861379274558562,0.3773388164268455,1.2329659165373799,10.0
2023-09-14,-0.2491581308667569,1.0099704248611834,-0.21168112849005072,0.6773733381588063,16.0
2023-09-15,0.32419306017148286,0.9969408484518572,0.4520974077709646,1.5813566083609862,16.0
2023-09-16,-0.29121567750631544,1.0,-0.6254426633811041,1.0,1.0
