keyword,sentiment_mean,sentiment_std,subjectivity_mean,subjectivity_std,counting
'Angriff',-0.33546576782304505,1.0722286052149137,-0.12567125971589993,0.819451718090787,5771.0
'Atomkraft',0.09251463374630026,0.865576956124365,0.022258940531334273,0.982175425557441,1477.0
'Erdöl',-0.0846320260047626,1.0972214305141335,0.11600137087315314,1.1788246611958795,254.0
'Finanz',0.0984997588258695,0.9990398948546175,0.038528404169868524,1.0611769311630954,1440.0
'Flucht',-0.1768698349344022,0.9973125300978932,-0.052426309186948246,0.9783130421345265,1383.0
'Frieren',-0.21898817873501367,0.9398884988999698,0.05006590431019499,0.8925089071482091,237.0
'Gas',0.04897158751663573,1.000006227732011,0.06324923944181084,1.0677890447885672,3211.0
'Heizen',0.2092273301146562,0.960203357650102,0.2939821364322456,1.2292155783738434,1131.0
'Hormus',-0.04277145839373726,1.0169028561245048,-0.09620421347326145,0.8732110816452493,693.0
'Inflation',0.1757489080994536,0.9183322930423509,0.12439001787393347,1.106304604303208,2407.0
'Iran',-0.10038442197478005,1.0329277047606562,-0.1192340334273667,0.8164777298596273,1443.0
'Klima',0.0587568302154021,0.9695761060609108,0.18031325950162247,1.2202370022044782,4158.0
'Krise',0.06087073323600488,0.9655098010071376,0.04141389557759804,1.0315241949796472,2968.0
'Kälte',0.033277526024537,0.9933059668034527,0.09275200467005401,1.1103240018097171,1221.0
'Preis',0.3133891866573021,0.942066349707051,0.014543011603201532,0.9757485540244999,2472.0
'Russland',-0.054683931479578,0.9835348126780258,-0.09483027949519315,0.8919100394531034,5463.0
'Ukraine',0.02682096766260537,0.9741551168683127,-0.054064338484571026,0.9420432409590462,8757.0
'Waffen',0.04276598709670526,0.9540220276535176,-0.038403998008352626,0.9792316252204342,2892.0
'Wladimir Putin',-0.011797413485086899,0.9881181380261913,-0.07403515002332191,0.9102263514899184,2253.0
'frieren',-0.3442210753922509,1.1300851424507785,0.02972207082465539,0.9272927856537491,504.0
'heizen',0.20244690185104328,0.9771741270074323,0.2735743977005535,1.1717535589517967,1130.0
