week,sentiment_mean,sentiment_std,subjectivity_mean,subjectivity_std,counting
0000-00,0.0,0.0,0.0,0.0,30.0
2022-02,-0.7606515095574946,1.0,2.3183144497054626,1.0,1.0
2022-03,-0.4054415762817545,1.0,-0.4925293864669378,1.0,1.0
2022-05,-0.4007995044974602,0.45340268303126385,-0.42104612583453943,0.0603358176989481,3.0
2022-07,-0.3588652883395434,1.0,-0.3535533905932738,1.0,1.0
2022-08,-0.5105623681272968,1.5891176496187278,-0.5868643631500475,0.11254977792785714,3.0
2022-10,0.7595249140180571,0.07413043436459531,-0.5324662654506624,0.24697898589352069,2.0
2022-11,-0.0884205551885657,1.0,-0.5548291458048035,1.0,1.0
2022-13,-0.08703882797784891,1.0,,1.0,1.0
2022-14,0.25,1.0,0.0,1.0,1.0
2022-15,0.1371739343149898,0.24354104965755308,-0.5326323480980908,0.19792891824534684,3.0
2022-16,-0.6144414636200163,0.7458599601564689,-0.3535533905932738,1.0,2.0
2022-17,-0.1358810029614511,1.9186001682723375,-0.4494032576448797,0.1009789955594386,3.0
2022-19,-0.1183302181056913,0.03630065032138463,0.11964066388855354,1.226381354377554,2.0
2022-20,1.0574412113590248,1.0,-0.4398272365365618,1.0,1.0
2022-21,0.35755154838201414,0.7092990985743639,0.8636659130201796,2.27859195244752,2.0
2022-23,0.9862648823584563,0.4441293525050972,0.46413020475831057,1.4099578888792639,2.0
2022-24,0.4003961794451705,0.9904541763071035,-0.4921929069273442,0.2324514109911477,4.0
2022-25,-0.14818506059981618,1.713079711890092,-0.6279913572494845,0.13856135090439012,4.0
2022-26,0.16872424073549222,0.744689106967125,-0.4297739732023536,0.06227075395367868,6.0
2022-27,-0.7008878657799159,1.578951084814326,-0.19249126158916605,0.8567423258537736,7.0
2022-28,-0.09070170193640631,0.5900034156319806,-0.24400950531574292,0.6629769046989172,6.0
2022-29,0.2586761658412563,0.8454306058999821,-0.6514852929191685,0.13887350905987053,6.0
2022-30,-0.3550128828700901,0.6924874534545102,0.11749596351114987,0.9158724706326177,6.0
2022-31,-0.24823735236234615,0.6438586303704694,0.05101750818245291,0.7206428208269975,10.0
2022-32,-0.7974409850489318,1.4732104090284923,0.13940496255178667,1.0761608721845808,3.0
2022-33,-0.6874883389816888,0.9296627574730517,0.22059765563891276,1.2153669156272462,4.0
2022-34,0.10900216241929621,0.8199320654622638,-0.09306507588292239,0.9933213307814032,10.0
2022-35,-0.016471292426528922,0.7903752056487064,0.02670008431222254,0.906808738009555,4.0
2022-36,-0.029147624655285753,0.8974002933421948,-0.280782249920835,0.8755916895539914,8.0
2022-37,0.2021641162816959,1.4800693620774004,0.4076611218207635,1.2667362612336899,5.0
2022-38,-0.5850569702097845,0.6704496072626097,0.040921523696567715,1.0431453848224987,14.0
2022-39,0.10105225524207219,1.0225629851389821,0.062025116682578534,1.1094144274788043,90.0
2022-40,-0.11643071213207451,0.8265927334077227,-0.04859397255401282,0.9310871522877262,111.0
2022-41,0.15957442741616876,1.0151415410913853,0.01373105423049055,1.134168631625667,243.0
2022-42,0.1369940709461603,0.9876355012989365,0.03735094300021572,0.9891109176668459,341.0
2022-43,-0.00452616468389314,0.8952158740527759,-0.05039482147561055,0.9403105985901371,362.0
2022-44,0.13057865925128004,0.9484534821219642,0.16718858157964575,1.1683786152424942,384.0
2022-45,0.04015427929808633,0.9406172853929935,0.14608564269572974,1.096342281195786,426.0
2022-46,0.08458435434793099,0.9700758750372491,0.09977783635646856,1.0441225327558217,403.0
2022-47,0.03159511850511445,0.9826187307564421,0.030983332957668905,1.0169083206287117,584.0
2022-48,0.039556708812297225,0.9046142397967846,-0.012004670081026871,0.9627408431203919,487.0
2022-49,0.04072318720560295,1.0017947233357225,-0.09909310701120629,0.8559119622487014,438.0
2022-50,0.1094695210755761,0.9683510845656259,0.0801951348118516,1.0655318637533842,444.0
2022-51,0.11742658872452423,1.0369161257027035,-0.05152965897093396,0.9148607292785756,430.0
2022-52,0.058792465774036046,0.851355629527954,0.17747541492612176,1.1048220542004774,286.0
2023-00,0.3623732544028942,0.6294278206927325,-0.19795423643187762,0.7227465006620379,17.0
2023-01,0.08863836760953592,0.9102506568623595,0.16351314451954696,1.2251203307887804,328.0
2023-02,0.044852252961325285,0.9143164150957586,-0.007777215737449666,1.1063494470786022,232.0
2023-03,0.08078244756244486,0.9319551705621378,-0.06301507821473808,0.9387135301865783,325.0
2023-04,0.061860065948180235,0.963960544798975,0.015962027243912897,1.0669396752858338,265.0
2023-05,0.13962557517635157,0.9177528014668338,-0.04134627792502283,0.895172654353267,315.0
2023-06,0.025617429536245552,0.8911594596347439,0.11003595383734442,1.1397175659260197,272.0
2023-07,-0.058193060272617836,0.9122695141470825,0.12784753520646944,1.16249507884439,277.0
2023-08,0.06899712078300388,0.9584808784626425,-0.0006680935042534424,1.0082104912570318,452.0
2023-09,-0.0222304000388887,0.9039840277052628,-0.038366766031413355,0.935614413082118,283.0
2023-10,0.06287127034299225,0.9434615442029987,-0.023548730587491518,0.9572949154961689,335.0
2023-11,0.07246616097100178,0.9855365246778524,-0.13141877912278183,0.7824646796781491,334.0
2023-12,0.10183342718364598,0.968589152934234,-0.11242570368021547,0.7415871859845814,355.0
2023-13,0.06878466276405044,0.9493589869174027,-0.0276682261101985,0.924145738823432,253.0
2023-14,0.054465196249979496,0.9147628735360077,-0.006705697179137256,1.0882073976511717,300.0
2023-15,-0.018312509143781134,0.9643486817209441,-0.003053542862470566,1.0269064522614029,307.0
2023-16,-0.07723604370505077,0.9715653202657444,-0.0911341396429926,0.845825810543995,256.0
2023-17,0.10914737235709177,0.9258889726652026,0.05974836155353929,0.9955091409814614,262.0
2023-18,0.024433206689878095,0.9810010565013781,-0.033433455363664766,0.9634168139463165,322.0
2023-19,0.0665629572544717,1.0422630149093361,-0.13521176407744587,0.7976536613539463,386.0
2023-20,0.05653331341026325,0.8599370714226071,-0.0485310470146431,1.0188305869831058,295.0
2023-21,0.10493927931729004,0.950014724800983,-0.03662780896395719,0.9156974709297291,339.0
2023-22,0.09068759137549239,0.9607635889399382,0.012547368988754307,0.995413078139933,290.0
2023-23,0.033548073479456736,0.9080501284459317,-0.052646651083749184,0.9197972314600243,302.0
2023-24,0.14010599083115316,0.9704800137965742,-0.02749786579363239,0.9858646576075116,350.0
2023-25,0.061626865390287354,0.9404121538142954,-0.0856683709843958,0.8652622198545599,280.0
2023-26,-0.00569227991078477,0.8815568591724272,-0.04782078544616586,0.918840210349937,274.0
2023-27,0.03429475652909164,0.9108328755110046,0.08115345015704852,1.1087786569059535,326.0
2023-28,0.1012325552243394,0.9203512218301064,0.002358564917072693,1.0372122212866064,293.0
2023-29,0.1034616483913679,0.9654243837018519,0.044913422836617534,1.0129805000751748,231.0
2023-30,-0.03271810392195485,1.036034587800746,0.023705067595130257,0.9915858178722028,293.0
2023-31,0.07268340640179992,0.8866720590449654,-0.00036197283651569104,0.9631649997511643,234.0
2023-32,-0.11017244597069047,0.9162622462512171,-0.08069245302407767,0.8794295142488562,279.0
2023-33,0.08005284646776142,0.9369762063921939,-0.0208545349502586,0.9489990484116028,253.0
2023-34,-0.09579083556332728,0.9985140174050188,-0.060399207691440325,0.8825954476354325,244.0
2023-35,0.09101154135622756,0.8022665617861846,0.0038268370337064617,0.9871297044548791,185.0
2023-36,0.0017320134966378109,0.9653521973212584,0.17999235976145064,1.2438891118416773,302.0
2023-37,0.10513821325108254,0.8811362240213506,-0.06969485694935033,0.9551351819102144,314.0
2023-38,0.007305896487970745,0.9636241885871756,-0.12309457425595306,0.8986801204187191,265.0
2023-39,0.13049157168926967,0.9562708418515319,-0.010528372561343634,0.982439559729626,291.0
2023-40,-0.04395800786987808,0.8878068850421704,-0.05083173477130599,0.869767723262833,226.0
2023-41,-0.062216054444870335,0.991628733601382,0.09768003755209541,1.1215104534566396,201.0
2023-42,0.09121007248385413,0.8857055410855872,-0.02713609032952652,0.8289007019701978,177.0
2023-43,0.031585389097725444,0.942552693079695,0.19249103856257752,1.236491699635073,246.0
2023-44,-0.18290373485911005,1.0233352786002408,0.21056284358495073,1.1860781945692236,258.0
2023-45,0.16483972292695956,1.0844574561500537,0.09035305650263094,1.0751734067900687,183.0
2023-46,0.04162540200630691,0.9948276942785683,0.06870232904447543,0.9837044034823702,268.0
2023-47,0.031890844034739754,1.0685284249962752,0.03465913970226859,1.0019097698163395,241.0
2023-48,-0.03449569212022262,0.9770535927571561,0.16704147492687477,1.2728922430403486,235.0
2023-49,0.12169782204452641,1.0244013440929791,0.14518019663391865,1.200475509851245,204.0
2023-50,0.17693284645519067,0.8781096283687441,0.05280995875620633,1.0623150611104015,249.0
2023-51,0.07856243501179526,0.8687163820363971,0.10315884384308138,1.0717098527313647,173.0
2023-52,0.0836505174549781,1.1403464799614715,0.09898760892354332,1.0899493201261174,229.0
2024-01,0.005961651712898689,0.906533092466157,0.16532269190154986,1.0824158763916145,190.0
2024-02,-0.20814712795888243,0.973101580728522,-0.012852706424711289,0.9148955552907451,190.0
2024-03,-0.02956753320408917,1.0928578177435735,0.042623668278981286,0.9747252820276583,160.0
2024-04,-0.06746142292130419,0.9742791934773488,0.08378567815415688,1.0337213505510112,138.0
2024-05,0.10815375768402898,0.8978142682503599,0.08287535846577056,1.0642455046426156,173.0
2024-06,-0.0223852027974686,1.0624278460842895,0.012233554479969367,1.0290388424785646,145.0
2024-07,0.0053787392266057,0.9857403459088011,-0.0422788846396774,0.9009931948018184,214.0
2024-08,0.042779599042123785,1.0510482157956855,0.009739467859533984,0.9750727036813246,223.0
2024-09,-0.02549347297164114,1.0749657741766627,-0.018999716138657384,0.8035195665662321,154.0
2024-10,0.11344162078282204,1.0028526083745117,-0.015001757727704351,0.8899107510824259,144.0
2024-11,-0.04495912685184163,1.0055565129663995,-0.04527801294062975,1.0100377613037108,238.0
2024-12,0.05195173039016003,1.1005222401094634,0.12245001694066601,1.183764374050213,213.0
2024-13,0.038367180391834836,0.9938337685783214,-0.04317812293531169,0.8869017452481945,189.0
2024-14,-0.04371555351407217,0.9882840957541541,-0.061556182102475175,0.8716461068941915,210.0
2024-15,0.05347905680207935,0.9758738064678427,-0.04257895414064212,1.0118596415245429,292.0
2024-16,0.016488384778402004,0.927708910259865,0.1051410180133358,1.0223376680982348,270.0
2024-17,0.08658044984289996,1.0024055855940601,0.09720735021950577,0.9863400502439301,211.0
2024-18,-0.05910138893744531,1.0422379192919362,-0.08173096583416253,0.9447618963432893,325.0
2024-19,-0.13979950151390882,1.0454611121382429,-0.0240428894208097,0.9818510730852201,182.0
2024-20,-0.025939374354598723,1.0301967631418116,-0.03399280584676962,0.9911851450289951,242.0
2024-21,0.031694704222396355,1.0084875332994638,0.009965620612311649,1.0128314641802187,206.0
2024-22,0.0035945820471979433,1.0518767390372448,0.02898102279564965,1.0108856214191495,292.0
2024-23,0.07154887989606361,1.0016997846415492,-0.15168002334949995,0.7721554668349085,233.0
2024-24,0.04712670992194069,0.8911944038703076,-0.08039408682786899,0.9098620622483418,299.0
2024-25,-0.10623471425860312,1.0455443436131362,-0.040024033707605364,0.9231182937444949,225.0
2024-26,-0.006163834224701352,0.9491807420288235,-0.0302368272131251,0.8866964879670542,185.0
2024-27,0.18384843587378524,0.9906647264706309,-0.11642592912712446,0.8126896570174958,222.0
2024-28,-0.06164756480479249,1.1002597475387144,0.008149346981768203,0.9433044145091147,307.0
2024-29,-0.004495833470166157,1.1815053592354965,-0.13076435147709156,0.9934761134462512,172.0
2024-30,-0.047579962074807476,0.9679910540680118,-0.08821090418541812,1.0288937022581743,274.0
2024-31,0.10683667679949385,0.9839533087774813,-0.10843826829287878,0.8006996713511757,227.0
2024-32,-0.030739419513078948,1.0667156760113734,-0.09569858841821642,1.0060392277988568,231.0
2024-33,0.012987287988661545,0.9431106122280606,-0.10057223539902156,0.9629371204524468,272.0
2024-34,-0.005914009604926568,1.07964006565627,0.0019974883175004326,1.1035680366462757,187.0
2024-35,-0.10424116606726261,1.0296936293466337,0.17076690933396083,1.2273309664739653,226.0
2024-36,-0.09542054502494514,1.0872383878987983,-0.12678014094670242,0.6986376233137904,256.0
2024-37,0.1319563958006851,1.1123341672543354,-0.030936618561256044,1.0344092897265937,176.0
2024-38,0.05211680434555139,1.0515441472341076,0.02209017154039412,0.9577847472832893,229.0
2024-39,-0.062418568578829506,0.9487561251798751,-0.14922890193995328,0.7285545348851469,273.0
2024-40,-0.04929218832514176,0.9818477661427241,-0.13195740815380752,0.8447689295482754,267.0
2024-41,0.1354346581920192,0.9911268456185828,0.1868482846050775,1.2311655494501221,188.0
2024-42,-0.05626795256742261,0.9842057893415093,-0.10703105965850898,0.7616208618155579,271.0
2024-43,0.0682971917278891,0.9160766146505787,-0.036154794532248145,0.9769918352634501,299.0
2024-44,-0.07310386807834374,1.0012431429148048,-0.08598784445761964,0.8934962495146918,236.0
2024-45,-0.0056343195888445404,0.9117049731201919,0.1255241207984088,1.1875582730032084,204.0
2024-46,0.1224153250229791,0.9865025055296618,0.006830721638685986,0.9270201873727791,200.0
2024-47,-0.0801158374143462,0.9995529173861799,-0.06603473231654773,0.8716779122849949,329.0
2024-48,0.053944718611970095,0.9150827463134292,0.09717988251939624,1.104599647284853,310.0
2024-49,0.03497615469231448,1.0029404819714964,-0.0775939243920505,0.8591264952650582,295.0
2024-50,-0.11985907853427961,1.0845616260498623,-0.11712600790862689,0.8617189093925537,262.0
2024-51,-0.16083431172343568,0.9844290165720693,0.012545650821418283,0.9719169176977979,336.0
2024-52,-0.1512300083389462,1.177622522025768,0.03536841191935864,1.0493872236699269,237.0
2024-53,-0.09180111014323428,1.0437907384963203,-0.11508675169952055,1.0210278212239705,59.0
2025-00,-0.1815989105218275,0.9948236231063388,0.0743793025666723,1.0944230130659016,122.0
2025-01,-0.09895459933392066,1.0076866273823624,-0.009743775580617824,1.0358609872626943,244.0
2025-02,-0.048831942603849966,1.0819817500539735,0.05764348907839397,1.094181942884835,289.0
2025-03,-0.13623826908222564,1.010504872796595,0.05361683743414919,1.1666942203226804,325.0
2025-04,-0.09929426980065244,1.1857296068560734,-0.02133936363651532,0.9049809037943966,218.0
2025-05,-0.06123044912894093,1.0369198924321597,0.07178635469189748,1.1353178316998624,234.0
2025-06,-0.06363095363772617,1.0372556353775795,0.08394690844018478,1.1001626762141241,222.0
2025-07,0.053007382706703216,1.0716684733932103,0.03707256164895525,1.0342017589665813,158.0
2025-08,0.005765547721637724,0.8966592946831944,-0.019003032525803293,0.9974063116032327,235.0
2025-09,-0.021529674241779796,1.0684290843330988,0.04478502429586923,1.0715971798189288,255.0
2025-10,0.08545443137843818,0.9809666232289599,-0.07519440973963795,0.7994892143435843,263.0
2025-11,-0.05987387387913765,1.0093517537418064,0.0813141361800298,1.200102307243245,248.0
2025-12,-0.068902320187049,1.0377453844532218,0.07857089460167939,1.2246062424158544,286.0
2025-13,-0.05142542836517146,1.0213689770555856,0.10660953813632319,1.1785617104123636,212.0
2025-14,0.028321121306548118,0.8251481209313623,0.1418322572701828,1.205378221365541,227.0
2025-15,-0.15343071118466894,0.9950712489579424,0.038558063597433294,1.18146047956152,169.0
2025-16,-0.08958179868059507,1.046041805037757,-0.05029918998758874,0.8618144074849693,266.0
2025-17,0.01705093451461197,1.008345889506643,0.050591199779049106,1.1467364034014134,212.0
2025-18,0.12925998486065896,1.0609117218278816,-0.12221173337947572,0.7484158324081531,253.0
2025-19,-0.03219684981863824,1.0175557488902265,0.009590667810857718,0.9394821678619418,229.0
2025-20,-0.07520269103640773,0.9623303499051037,-0.07459447219678783,0.8702026012546394,292.0
2025-21,-0.05883452466732199,0.9901376805961796,-0.030307162189648636,0.8961882194976016,320.0
2025-22,0.04755719970537,0.9511111112161557,-0.03614128310557143,0.952544744284191,228.0
2025-23,0.010230794722086309,1.0103460619186628,-0.024200751262726437,1.0303375525840437,228.0
2025-24,-0.07534403271378895,1.0705685451036118,-0.03456183228638116,0.9753556130883478,219.0
2025-25,0.03905053350172472,0.9808814411837549,-0.02353415756142927,0.8522424279797162,178.0
2025-26,0.016395497032623538,1.1773551132824651,0.034263423527731984,1.0402527470395067,213.0
2025-27,0.07038102601301684,1.0624156972593126,0.025330132250595647,1.0796270497363394,190.0
2025-28,0.004671191525779655,0.9598045295497979,0.05081417853784352,1.1763579261303414,205.0
2025-29,-0.12171641038473913,0.9719448449778728,-0.11295695282018796,0.7765361333224445,234.0
2025-30,-0.08517185806394387,1.0444030958615416,0.14586508827073968,1.2095426634401798,179.0
2025-31,0.05511810064482512,0.9957227465945444,-0.014312865375445764,0.9967173056250763,184.0
2025-32,0.006046721857218176,1.0576167618177483,-0.13700968375754258,0.7809920483977673,210.0
2025-33,0.1687570620769805,0.986973069823356,-0.05444668806406237,0.9180361516010889,197.0
2025-34,-0.06627791552832235,1.0346907272332981,-0.06567852286680653,0.9162364451353041,145.0
2025-35,0.0888349371399894,0.9664848063182107,0.07543991350831279,1.0526393553783078,147.0
2025-36,-0.02676163766697857,0.9877173116569039,-0.056949139723871556,0.8597438324935024,145.0
2025-37,0.036298231413339564,0.921828306065203,0.16195266992599466,1.298409198737047,181.0
2025-38,-0.018543571251997445,1.1003207239359951,-0.01926130063085755,0.9540648298097508,148.0
2025-39,-0.2064484874161232,1.118970269460281,-0.20805018071967352,0.5951040127288112,174.0
2025-40,-0.0522965657851045,0.9740130342505429,0.13428996188535017,1.405036005029134,134.0
2025-41,-0.07702198986563893,1.269641919378831,0.13608993042314826,1.2729648742664175,104.0
2025-42,0.0030049163918634946,0.9273549779214122,0.018057006600395106,0.9571427649184405,165.0
2025-43,-0.35675263540114766,1.0911939426304766,-0.054764494767180344,0.9163194771945632,164.0
2025-44,0.0013440507520096334,0.9293325633978032,0.15671367057669075,1.2541268156957828,145.0
2025-45,-0.030843627236782974,0.8998030094846047,0.09521978378853954,1.0854192592400855,117.0
2025-46,0.007400528610401999,1.0689529185398625,-0.0710467479325512,0.8572994072553188,145.0
2025-47,-0.0258506433855824,1.0689064122253311,-0.07885141246143802,0.918488603014437,190.0
2025-48,-0.08424586469508102,0.9983626668362376,-0.04945829461275344,0.8846927342657592,153.0
2025-49,-0.06256046003720549,0.9515931274013637,0.011483723153122105,0.8784741467770127,161.0
2025-50,0.06592922284716463,1.127271669072232,-0.061199179030713216,0.8159810224327706,180.0
2025-51,0.19168113325273656,1.008193341462426,0.0327677041856375,1.115450801321889,126.0
2025-52,-0.015102607621844115,1.0096420794212382,0.18988306717351144,1.250614571307726,61.0
2026-00,-0.22687916219941387,0.8044233846840054,-0.021371945301138867,0.9206685506267194,79.0
2026-01,-0.09430325193686788,1.0454296887365222,0.009829388470839077,1.048894066678314,195.0
2026-02,-0.18537428762875718,1.1657483224465832,-0.0033410223891165267,1.0807162102751768,183.0
2026-03,-0.031078881323474646,0.9500312429526663,0.1063467254949563,1.1248756064472913,211.0
2026-04,-0.1383707938518481,1.1163534093703085,0.08520514761387438,1.0180376552104022,175.0
2026-05,-0.17347246043185618,1.0511581743733895,0.15937686012502442,1.2399704727172758,212.0
2026-06,-0.03650476117133934,1.0865830822395377,-0.006233202081014561,1.0867668105794803,189.0
2026-07,-0.052923831181903296,1.1421417332120791,-0.07538036703817892,0.7849858988061998,196.0
2026-08,-0.0207814094443881,1.1193774665343375,0.03289731489868669,0.9731197545642725,226.0
2026-09,-0.0015924026912034624,1.044533248926685,0.09115373354440584,1.2166394357801533,262.0
2026-10,0.03405746683623854,1.0942592359498853,0.053424077019892414,1.0173732885680382,270.0
2026-11,-0.03467353807303066,0.9830565153365444,0.05412389758744999,1.059838660212187,298.0
2026-12,-0.11173724230711532,1.0847861624219748,0.07612425730931144,1.2065304909096224,262.0
2026-13,-0.1503824535576342,1.0283225529138575,-0.03431463472008368,0.8938226614135224,195.0
2026-14,-0.150951087599574,1.0248465601406689,-0.04283628767787792,0.9263832695125451,288.0
2026-15,0.0908331488840644,1.108029275233329,-0.021916715579217948,0.953407860162885,288.0
2026-16,-0.025433390644017416,0.9870292965372149,-0.06417597008148769,0.891082222912873,333.0
2026-17,0.07868707180828136,1.0956471942999293,-0.025233391136176914,0.9686943193649704,183.0
2026-18,-0.04325630368351064,0.9950504338824849,0.03739350233132931,1.1231285564937408,254.0
2026-19,-0.0730008349971369,1.0652654263026868,0.039220024699418266,0.950824133718103,204.0
2026-20,-0.01004181055087847,1.0563140585330149,-0.03732596906735847,0.8972764778710908,307.0
2026-21,-0.1627253902194304,1.1299879076654586,0.051332055339282756,0.9988450402763277,179.0
2026-22,-0.00893108966751836,0.9863395207334775,-0.041485588133289376,0.9287408675467972,230.0
2026-23,0.003983829011989648,1.0871560337335229,-0.031242796839345388,1.0308962632963594,244.0
2026-24,-0.03391680149174932,1.0866605120201467,-0.13483292393319754,0.7756571748231296,305.0
2026-25,-0.005825009974389854,1.05731131112435,0.11056789962062567,1.100647698295456,226.0
2026-26,-0.08539177978168869,1.0106303109548533,-0.1313928204323325,0.6961011661647607,180.0
2026-27,-0.036652871066775346,1.0600038969909282,0.01907052375574521,0.9723744237518873,240.0
2026-28,-0.05707329407056169,0.9996741182994608,-0.009111538982695408,1.0303995459789164,270.0
2026-29,-0.06318430674939614,1.0477427617412745,-0.08852893631788457,0.9020547856202648,248.0
2026-30,-0.1516742905259683,0.932253864094729,0.08304537374911101,1.126298559084399,243.0
2026-31,-0.12677294803040898,0.9994590595475698,-0.11466747820548513,0.8632117637794062,313.0
2026-32,-0.14068204988852043,0.9394459325188006,-0.009024209065694512,0.9617290525529884,207.0
2026-33,-0.2794736256265147,1.0305418271224986,-0.027056594198156314,1.003048138033997,195.0
2026-34,-0.14480626116770876,1.101187477847389,0.1979555289559629,1.2355823074336072,201.0
2026-35,-0.17856065261735435,0.9577991585282369,-0.1562784497416384,0.7618605053460656,277.0
2026-36,-0.0017306815676413634,1.0917482333622965,-0.11689683187797054,0.7481778071072618,234.0
2026-37,-0.07874512760120474,0.9388027722507375,-0.15856726173238106,0.8500387071072044,227.0
2026-38,0.14464222659823855,0.9663339889032105,-0.04591219538009681,0.9838360511323202,178.0
2026-39,0.016263390996302564,0.880940875297156,0.024357723531937492,0.9503874674484047,113.0
